{"name": "E", "type": "Eagle", "hunger": 38, "health": 67.87205171794618, "fun": 10.496783692304927, "lost_fun": 27, "gain_hunger": 27, "time_hatch": 7}